id,name,description,data_type,value_json,lang_code,is_active,cr_by,cr_dtimes
10001,bloodType,Blood Type,string,"
	{
		""code"": ""101"",
		""value"": ""A"",
	}",eng,TRUE,superadmin,now()
10002,bloodType,Blood Type,string,"
	{
		""code"": ""102"",
		""value"": ""A+"",
	}",eng,TRUE,superadmin,now()
10003,bloodType,Blood Type,string,"
	{
		""code"": ""103"",
		""value"": ""A-"",
	}",eng,TRUE,superadmin,now()
10004,bloodType,Blood Type,string,"
	{
		""code"": ""104"",
		""value"": ""B"",
	}",eng,TRUE,superadmin,now()
10005,bloodType,Blood Type,string,"
	{
		""code"": ""105"",
		""value"": ""B+"",
	}",eng,TRUE,superadmin,now()
10006,bloodType,Blood Type,string,"
	{
		""code"": ""106"",
		""value"": ""B-"",
	}",eng,TRUE,superadmin,now()
10007,bloodType,Blood Type,string,"
	{
		""code"": ""107"",
		""value"": ""AB"",
	}",eng,TRUE,superadmin,now()
10008,bloodType,Blood Type,string,"
	{
		""code"": ""108"",
		""value"": ""AB+"",
	}",eng,TRUE,superadmin,now()
10009,bloodType,Blood Type,string,"
	{
		""code"": ""109"",
		""value"": ""AB-"",
	}",eng,TRUE,superadmin,now()
10010,bloodType,Blood Type,string,"
	{
		""code"": ""110"",
		""value"": ""O"",
	}",eng,TRUE,superadmin,now()
10011,bloodType,Blood Type,string,"
	{
		""code"": ""111"",
		""value"": ""O+""
	}",eng,TRUE,superadmin,now()
10012,bloodType,Blood Type,string,"
	{
		""code"": ""112"",
		""value"": ""O-""
	}",eng,TRUE,superadmin,now()
10013,bloodType,Blood Type,string,"
	{
		""code"": ""113"",
		""value"": ""Don't Know""
	}",eng,TRUE,superadmin,now()
10014,bloodType,Blood Type,string,"
	{
		""code"": ""114"",
		""value"": ""Not Applicable""
	}",eng,TRUE,superadmin,now()
10015,maritalStatus,Marital Status,string,"
	{
		""code"": ""101"",
		""value"": ""Single""
	}",eng,TRUE,superadmin,now()
10016,maritalStatus,Marital Status,string,"
	{
		""code"": ""102"",
		""value"": ""Married""
	}",eng,TRUE,superadmin,now()
10017,maritalStatus,Marital Status,string,"
	{
		""code"": ""103"",
		""value"": ""Widowed""
	}",eng,TRUE,superadmin,now()
10018,maritalStatus,Marital Status,string,"
	{
		""code"": ""104"",
		""value"": ""Divorced""
	}",eng,TRUE,superadmin,now()
10019,maritalStatus,Marital Status,string,"
	{
		""code"": ""105"",
		""value"": ""Legally Separated""
	}",eng,TRUE,superadmin,now()
10020,maritalStatus,Marital Status,string,"
	{
		""code"": ""106"",
		""value"": ""Annulled""
	}",eng,TRUE,superadmin,now()
10021,maritalStatus,Marital Status,string,"
	{
		""code"": ""107"",
		""value"": ""Nullified""
	}",eng,TRUE,superadmin,now()
10022,registrationType,Registration Type,string,"
	{
		""code"": ""Document-based"",
		""value"": ""Document-based""
	}",eng,TRUE,superadmin,now()
10023,registrationType,Registration Type,string,"
	{
		""code"": ""Introducer-based"",
		""value"": ""Introducer-based""
	}",eng,TRUE,superadmin,now()
10024,modeOfClaim,Mode of Claim,string,"
	{
		""code"": ""101"",
		""value"": ""Pick-up""
	}",eng,TRUE,superadmin,now()
10025,modeOfClaim,Mode of Claim,string,"
	{
		""code"": ""102"",
		""value"": ""Delivery to permanent address""
	}",eng,TRUE,superadmin,now()
10026,modeOfClaim,Mode of Claim,string,"
	{
		""code"": ""103"",
		""value"": ""Delivery to present address""
	}",eng,TRUE,superadmin,now()
10027,gender,Gender,string,"
	{
		""code"": ""MLE"",
		""value"": ""Male""
	}",eng,TRUE,superadmin,now()
10028,gender,Gender,string,"
	{
		""code"": ""FLE"",
		""value"": ""Female""
	}",eng,TRUE,superadmin,now()
10029,gender,Gender,string,"
	{
		""code"": ""OTH"",
		""value"": ""Others""
	}",eng,TRUE,superadmin,now()
10030,residenceStatus,residenceStatus,string,"
	{
		""code"": ""FR"",
		""value"": ""Foreigner""
	}",eng,TRUE,superadmin,now()
10031,residenceStatus,residenceStatus,string,"
	{
		""code"": ""NFR"",
		""value"": ""Non-Foreigner""
	}",eng,TRUE,superadmin,now()
10032,bloodType,Blood Type,string,"
	{
		""code"": ""101"",
		""value"": ""A"",
	}",ara,TRUE,superadmin,now()
10033,bloodType,Blood Type,string,"
	{
		""code"": ""102"",
		""value"": ""A+"",
	}",ara,TRUE,superadmin,now()
10034,bloodType,Blood Type,string,"
	{
		""code"": ""103"",
		""value"": ""A-"",
	}",ara,TRUE,superadmin,now()
10035,bloodType,Blood Type,string,"
	{
		""code"": ""104"",
		""value"": ""B"",
	}",ara,TRUE,superadmin,now()
10036,bloodType,Blood Type,string,"
	{
		""code"": ""105"",
		""value"": ""B+"",
	}",ara,TRUE,superadmin,now()
10037,bloodType,Blood Type,string,"
	{
		""code"": ""106"",
		""value"": ""B-"",
	}",ara,TRUE,superadmin,now()
10038,bloodType,Blood Type,string,"
	{
		""code"": ""107"",
		""value"": ""AB"",
	}",ara,TRUE,superadmin,now()
10039,bloodType,Blood Type,string,"
	{
		""code"": ""108"",
		""value"": ""AB+"",
	}",ara,TRUE,superadmin,now()
10040,bloodType,Blood Type,string,"
	{
		""code"": ""109"",
		""value"": ""AB-"",
	}",ara,TRUE,superadmin,now()
10041,bloodType,Blood Type,string,"
	{
		""code"": ""110"",
		""value"": ""O"",
	}",ara,TRUE,superadmin,now()
10042,bloodType,Blood Type,string,"
	{
		""code"": ""111"",
		""value"": ""O+""
	}",ara,TRUE,superadmin,now()
10043,bloodType,Blood Type,string,"
	{
		""code"": ""112"",
		""value"": ""O-""
	}",ara,TRUE,superadmin,now()
10044,bloodType,Blood Type,string,"
        {
                ""code"": ""113"",
                ""value"": ""لا اعرف""
        }",ara,TRUE,superadmin,now()
10045,bloodType,Blood Type,string,"
	{
		""code"": ""114"",
		""value"": ""لا ينطبق""
	}",ara,TRUE,superadmin,now()
10046,maritalStatus,Marital Status,string,"
	{
		""code"": ""101"",
		""value"": ""أعزب""
	}",ara,TRUE,superadmin,now()
10047,maritalStatus,Marital Status,string,"
	{
		""code"": ""102"",
		""value"": ""متزوج""
	}",ara,TRUE,superadmin,now()
10048,maritalStatus,Marital Status,string,"
	{
		""code"": ""103"",
		""value"": ""الأرامل""
	}",ara,TRUE,superadmin,now()
10049,maritalStatus,Marital Status,string,"
	{
		""code"": ""104"",
		""value"": ""مطلق""
	}",ara,TRUE,superadmin,now()
10050,maritalStatus,Marital Status,string,"
	{
		""code"": ""105"",
		""value"": ""مطلق من الناحية القانونية""
	}",ara,TRUE,superadmin,now()
10051,maritalStatus,Marital Status,string,"
	{
		""code"": ""106"",
		""value"": ""ملغى""
	}",ara,TRUE,superadmin,now()
10052,maritalStatus,Marital Status,string,"
	{
		""code"": ""107"",
		""value"": ""مبطل""
	}",ara,TRUE,superadmin,now()
10053,registrationType,Registration Type,string,"
	{
		""code"": ""Document-based"",
		""value"": ""مستند إلى المستند""
	}",ara,TRUE,superadmin,now()
10054,registrationType,Registration Type,string,"
	{
		""code"": ""Introducer-based"",
		""value"": ""المعرف القائم""
	}",ara,TRUE,superadmin,now()
10055,modeOfClaim,Mode of Claim,string,"
	{
		""code"": ""101"",
		""value"": ""يلتقط""
	}",ara,TRUE,superadmin,now()
10056,modeOfClaim,Mode of Claim,string,"
	{
		""code"": ""102"",
		""value"": ""التسليم إلى العنوان الدائم""
	}",ara,TRUE,superadmin,now()
10057,modeOfClaim,Mode of Claim,string,"
	{
		""code"": ""103"",
		""value"": ""التسليم إلى العنوان الحالي""
	}",ara,TRUE,superadmin,now()
10058,gender,Gender,string,"
	{
		""code"": ""MLE"",
		""value"": ""ذكر""
	}",ara,TRUE,superadmin,now()
10059,gender,Gender,string,"
	{
		""code"": ""FLE"",
		""value"": ""أنثى""
	}",ara,TRUE,superadmin,now()
10060,gender,Gender,string,"
	{
		""code"": ""OTH"",
		""value"": ""آحرون""
	}",ara,TRUE,superadmin,now()
10061,residenceStatus,residenceStatus,string,"
        {
                ""code"": ""FR"",
                ""value"": ""أجنبي""
        }",ara,TRUE,superadmin,now()
10062,residenceStatus,residenceStatus,string,"
	{
		""code"": ""NFR"",
		""value"": ""غير أجنبي""
	}",ara,TRUE,superadmin,now()
10063,bloodType,Blood Type,string,"
	{
		""code"": ""101"",
		""value"": ""A"",
	}",fra,TRUE,superadmin,now()
10064,bloodType,Blood Type,string,"
	{
		""code"": ""102"",
		""value"": ""A+"",
	}",fra,TRUE,superadmin,now()
10065,bloodType,Blood Type,string,"
	{
		""code"": ""103"",
		""value"": ""A-"",
	}",fra,TRUE,superadmin,now()
10066,bloodType,Blood Type,string,"
	{
		""code"": ""104"",
		""value"": ""B"",
	}",fra,TRUE,superadmin,now()
10067,bloodType,Blood Type,string,"
	{
		""code"": ""105"",
		""value"": ""B+"",
	}",fra,TRUE,superadmin,now()
10068,bloodType,Blood Type,string,"
	{
		""code"": ""106"",
		""value"": ""B-"",
	}",fra,TRUE,superadmin,now()
10069,bloodType,Blood Type,string,"
	{
		""code"": ""107"",
		""value"": ""AB"",
	}",fra,TRUE,superadmin,now()
10070,bloodType,Blood Type,string,"
	{
		""code"": ""108"",
		""value"": ""AB+"",
	}",fra,TRUE,superadmin,now()
10071,bloodType,Blood Type,string,"
	{
		""code"": ""109"",
		""value"": ""AB-"",
	}",fra,TRUE,superadmin,now()
10072,bloodType,Blood Type,string,"
	{
		""code"": ""110"",
		""value"": ""O"",
	}",fra,TRUE,superadmin,now()
10073,bloodType,Blood Type,string,"
	{
		""code"": ""111"",
		""value"": ""O+""
	}",fra,TRUE,superadmin,now()
10074,bloodType,Blood Type,string,"
	{
		""code"": ""112"",
		""value"": ""O-""
	}",fra,TRUE,superadmin,now()
10075,bloodType,Blood Type,string,"
	{
		""code"": ""113"",
		""value"": ""Je ne sais pas""
	}",fra,TRUE,superadmin,now()
10076,bloodType,Blood Type,string,"
	{
		""code"": ""114"",
		""value"": ""N'est pas applicable""
	}",fra,TRUE,superadmin,now()
10077,maritalStatus,Marital Status,string,"
	{
		""code"": ""101"",
		""value"": ""Seule""
	}",fra,TRUE,superadmin,now()
10078,maritalStatus,Marital Status,string,"
	{
		""code"": ""102"",
		""value"": ""Mariée""
	}",fra,TRUE,superadmin,now()
10079,maritalStatus,Marital Status,string,"
	{
		""code"": ""103"",
		""value"": ""Veuve""
	}",fra,TRUE,superadmin,now()
10080,maritalStatus,Marital Status,string,"
	{
		""code"": ""104"",
		""value"": ""Divorcée""
	}",fra,TRUE,superadmin,now()
10081,maritalStatus,Marital Status,string,"
	{
		""code"": ""105"",
		""value"": ""Séparés légalement""
	}",fra,TRUE,superadmin,now()
10082,maritalStatus,Marital Status,string,"
	{
		""code"": ""106"",
		""value"": ""Annulé""
	}",fra,TRUE,superadmin,now()
10083,maritalStatus,Marital Status,string,"
	{
		""code"": ""107"",
		""value"": ""Annulé""
	}",fra,TRUE,superadmin,now()
10084,registrationType,Registration Type,string,"
	{
		""code"": ""Document-based"",
		""value"": ""Basé sur des documents""
	}",fra,TRUE,superadmin,now()
10085,registrationType,Registration Type,string,"
	{
		""code"": ""Introducer-based"",
		""value"": ""Basé sur l'introducteur""
	}",fra,TRUE,superadmin,now()
10086,modeOfClaim,Mode of Claim,string,"
	{
		""code"": ""101"",
		""value"": ""Ramasser""
	}",fra,TRUE,superadmin,now()
10087,modeOfClaim,Mode of Claim,string,"
	{
		""code"": ""102"",
		""value"": ""Livraison à une adresse permanente""
	}",fra,TRUE,superadmin,now()
10088,modeOfClaim,Mode of Claim,string,"
	{
		""code"": ""103"",
		""value"": ""Livraison à l'adresse actuelle""
	}",fra,TRUE,superadmin,now()
10089,gender,Gender,string,"
	{
		""code"": ""MLE"",
		""value"": ""Mâle""
	}",fra,TRUE,superadmin,now()
10090,gender,Gender,string,"
	{
		""code"": ""FLE"",
		""value"": ""Femelle""
	}",fra,TRUE,superadmin,now()
10091,gender,Gender,string,"
	{
		""code"": ""OTH"",
		""value"": ""Autres""
	}",fra,TRUE,superadmin,now()
10092,residenceStatus,residenceStatus,string,"
	{
		""code"": ""FR"",
		""value"": ""Étrangère""
	}",fra,TRUE,superadmin,now()
10093,residenceStatus,residenceStatus,string,"
	{
		""code"": ""NFR"",
		""value"": ""Non-étranger""
	}",fra,TRUE,superadmin,now()
10094,bloodType,Blood Type,string,"
        {
                ""code"": ""101"",
                ""value"": ""A"",
        }",hin,TRUE,superadmin,now()
10095,bloodType,Blood Type,string,"
        {
                ""code"": ""102"",
                ""value"": ""A+"",
        }",hin,TRUE,superadmin,now()
10096,bloodType,Blood Type,string,"
	{
		""code"": ""103"",
		""value"": ""A-"",
	}",hin,TRUE,superadmin,now()
10097,bloodType,Blood Type,string,"
	{
		""code"": ""104"",
		""value"": ""B"",
	}",hin,TRUE,superadmin,now()
10098,bloodType,Blood Type,string,"
	{
		""code"": ""105"",
		""value"": ""B+"",
	}",hin,TRUE,superadmin,now()
10099,bloodType,Blood Type,string,"
	{
		""code"": ""106"",
		""value"": ""B-"",
	}",hin,TRUE,superadmin,now()
10100,bloodType,Blood Type,string,"
	{
		""code"": ""107"",
		""value"": ""AB"",
	}",hin,TRUE,superadmin,now()
10101,bloodType,Blood Type,string,"
	{
		""code"": ""108"",
		""value"": ""AB+"",
	}",hin,TRUE,superadmin,now()
10102,bloodType,Blood Type,string,"
	{
		""code"": ""109"",
		""value"": ""AB-"",
	}",hin,TRUE,superadmin,now()
10103,bloodType,Blood Type,string,"
	{
		""code"": ""110"",
		""value"": ""O"",
	}",hin,TRUE,superadmin,now()
10104,bloodType,Blood Type,string,"
	{
		""code"": ""111"",
		""value"": ""O+""
	}",hin,TRUE,superadmin,now()
10105,bloodType,Blood Type,string,"
	{
		""code"": ""112"",
		""value"": ""O-""
	}",hin,TRUE,superadmin,now()
10106,bloodType,Blood Type,string,"
	{
		""code"": ""113"",
		""value"": ""Don't Know""
	}",hin,TRUE,superadmin,now()
10107,bloodType,Blood Type,string,"
	{
		""code"": ""114"",
		""value"": ""Not Applicable""
	}",hin,TRUE,superadmin,now()
10108,maritalStatus,Marital Status,string,"
        {
                ""code"": ""101"",
                ""value"": ""एक""
        }",hin,TRUE,superadmin,now()
10109,maritalStatus,Marital Status,string,"
        {
                ""code"": ""102"",
                ""value"": ""शादी हो ग""
        }",hin,TRUE,superadmin,now()
10110,maritalStatus,Marital Status,string,"
        {
                ""code"": ""103"",
                ""value"": ""विधवा""
        }",hin,TRUE,superadmin,now()
10111,maritalStatus,Marital Status,string,"
        {
                ""code"": ""104"",
                ""value"": ""तलाकशुदा""
        }",hin,TRUE,superadmin,now()
10112,maritalStatus,Marital Status,string,"
        {
                ""code"": ""105"",
                ""value"": ""कानूनी तौर पर अलग""
        }",hin,TRUE,superadmin,now()
10113,maritalStatus,Marital Status,string,"
        {
                ""code"": ""106"",
                ""value"": ""रद्द""
        }",hin,TRUE,superadmin,now()
10114,maritalStatus,Marital Status,string,"
        {
                ""code"": ""107"",
                ""value"": ""निरस्त माना""
        }",hin,TRUE,superadmin,now()
10115,registrationType,Registration Type,string,"
        {
                ""code"": ""Document-based"",
                ""value"": ""दस्तावेज़ के आधार पर""
        }",hin,TRUE,superadmin,now()
10116,registrationType,Registration Type,string,"
        {
                ""code"": ""Introducer-based"",
                ""value"": ""परिचय-आधारित""
        }",hin,TRUE,superadmin,now()
10117,modeOfClaim,Mode of Claim,string,"
        {
                ""code"": ""101"",
                ""value"": ""पिक अप""
        }",hin,TRUE,superadmin,now()
10118,modeOfClaim,Mode of Claim,string,"
        {
                ""code"": ""102"",
                ""value"": ""स्थायी पते पर डिलीवरी""
        }",hin,TRUE,superadmin,now()
10119,modeOfClaim,Mode of Claim,string,"
	{
		""code"": ""103"",
		""value"": ""Delivery to present address""
	}",hin,TRUE,superadmin,now()
10120,gender,Gender,string,"
        {
                ""code"": ""MLE"",
                ""value"": ""पुरुष""
        }",hin,TRUE,superadmin,now()
10121,gender,Gender,string,"
        {
                ""code"": ""FLE"",
                ""value"": ""महिला""
        }",hin,TRUE,superadmin,now()
10122,gender,Gender,string,"
        {
                ""code"": ""OTH"",
                ""value"": ""अन्य""
        }",hin,TRUE,superadmin,now()
10123,residenceStatus,residenceStatus,string,"
        {
                ""code"": ""FR"",
                ""value"": ""परदेशी""
        }",hin,TRUE,superadmin,now()
10124,residenceStatus,residenceStatus,string,"
        {
                ""code"": ""NFR"",
                ""value"": ""गैर-विदेशी""
        }",hin,TRUE,superadmin,now()
10125,bloodType,Blood Type,string,"
        {
                ""code"": ""101"",
                ""value"": ""A"",
        }",tam,TRUE,superadmin,now()
10126,bloodType,Blood Type,string,"
	{
		""code"": ""102"",
		""value"": ""A+"",
	}",tam,TRUE,superadmin,now()
10127,bloodType,Blood Type,string,"
	{
		""code"": ""103"",
		""value"": ""A-"",
	}",tam,TRUE,superadmin,now()
10128,bloodType,Blood Type,string,"
	{
		""code"": ""104"",
		""value"": ""B"",
	}",tam,TRUE,superadmin,now()
10129,bloodType,Blood Type,string,"
	{
		""code"": ""105"",
		""value"": ""B+"",
	}",tam,TRUE,superadmin,now()
10130,bloodType,Blood Type,string,"
	{
		""code"": ""106"",
		""value"": ""B-"",
	}",tam,TRUE,superadmin,now()
10131,bloodType,Blood Type,string,"
	{
		""code"": ""107"",
		""value"": ""AB"",
	}",tam,TRUE,superadmin,now()
10132,bloodType,Blood Type,string,"
	{
		""code"": ""108"",
		""value"": ""AB+"",
	}",tam,TRUE,superadmin,now()
10133,bloodType,Blood Type,string,"
	{
		""code"": ""109"",
		""value"": ""AB-"",
	}",tam,TRUE,superadmin,now()
10134,bloodType,Blood Type,string,"
	{
		""code"": ""110"",
		""value"": ""O"",
	}",tam,TRUE,superadmin,now()
10135,bloodType,Blood Type,string,"
	{
		""code"": ""111"",
		""value"": ""O+""
	}",tam,TRUE,superadmin,now()
10136,bloodType,Blood Type,string,"
	{
		""code"": ""112"",
		""value"": ""O-""
	}",tam,TRUE,superadmin,now()
10137,bloodType,Blood Type,string,"
	{
		""code"": ""113"",
		""value"": ""Don't Know""
	}",tam,TRUE,superadmin,now()
10138,bloodType,Blood Type,string,"
	{
		""code"": ""114"",
		""value"": ""Not Applicable""
	}",tam,TRUE,superadmin,now()
10139,maritalStatus,Marital Status,string,"
        {
                ""code"": ""101"",
                ""value"": ""ஒற்றை""
        }",tam,TRUE,superadmin,now()
10140,maritalStatus,Marital Status,string,"
        {
                ""code"": ""102"",
                ""value"": ""திருமணமானவர்""
        }",tam,TRUE,superadmin,now()
10141,maritalStatus,Marital Status,string,"
        {
                ""code"": ""103"",
                ""value"": ""விதவை""
        }",tam,TRUE,superadmin,now()
10142,maritalStatus,Marital Status,string,"
        {
                ""code"": ""104"",
                ""value"": ""விவாகரத்து""
        }",tam,TRUE,superadmin,now()
10143,maritalStatus,Marital Status,string,"
        {
                ""code"": ""105"",
                ""value"": ""சட்டரீதியாக பிரிந்தவர்கள்""
        }",tam,TRUE,superadmin,now()
10144,maritalStatus,Marital Status,string,"
        {
                ""code"": ""106"",
                ""value"": ""ரத்து செய்யப்பட்டது""
        }",tam,TRUE,superadmin,now()
10145,maritalStatus,Marital Status,string,"
        {
                ""code"": ""107"",
                ""value"": ""ரத்து செய்யப்பட்டது""
        }",tam,TRUE,superadmin,now()
10146,registrationType,Registration Type,string,"
        {
                ""code"": ""Document-based"",
                ""value"": ""ஆவண அடிப்படையிலான""
        }",tam,TRUE,superadmin,now()
10147,registrationType,Registration Type,string,"
        {
                ""code"": ""Introducer-based"",
                ""value"": ""அறிமுகம் சார்ந்த""
        }",tam,TRUE,superadmin,now()
10148,modeOfClaim,Mode of Claim,string,"
        {
                ""code"": ""101"",
                ""value"": ""பிக்-அப்""
        }",tam,TRUE,superadmin,now()
10149,modeOfClaim,Mode of Claim,string,"
        {
                ""code"": ""102"",
                ""value"": ""நிரந்தர முகவரிக்கு வழங்கல்""
        }",tam,TRUE,superadmin,now()
10150,modeOfClaim,Mode of Claim,string,"
        {
                ""code"": ""103"",
                ""value"": ""தற்போதைய முகவரிக்கு வழங்கல்""
        }",tam,TRUE,superadmin,now()
10151,gender,Gender,string,"
        {
                ""code"": ""MLE"",
                ""value"": ""ஆண்""
        }",tam,TRUE,superadmin,now()
10152,gender,Gender,string,"
        {
                ""code"": ""FLE"",
                ""value"": ""பெண்""
        }",tam,TRUE,superadmin,now()
10153,gender,Gender,string,"
        {
                ""code"": ""OTH"",
                ""value"": ""மற்றவைகள்""
        }",tam,TRUE,superadmin,now()
10154,residenceStatus,residenceStatus,string,"
        {
                ""code"": ""FR"",
                ""value"": ""வெளிநாட்டவர்""
        }",tam,TRUE,superadmin,now()
10155,residenceStatus,residenceStatus,string,"
        {
                ""code"": ""NFR"",
                ""value"": ""வெளிநாட்டவர் அல்லாதவர்""
        }",tam,TRUE,superadmin,now()
10156,bloodType,Blood Type,string,"
        {
                ""code"": ""101"",
                ""value"": ""A"",
        }",kan,TRUE,superadmin,now()
10157,bloodType,Blood Type,string,"
	{
		""code"": ""102"",
		""value"": ""A+"",
	}",kan,TRUE,superadmin,now()
10158,bloodType,Blood Type,string,"
	{
		""code"": ""103"",
		""value"": ""A-"",
	}",kan,TRUE,superadmin,now()
10159,bloodType,Blood Type,string,"
	{
		""code"": ""104"",
		""value"": ""B"",
	}",kan,TRUE,superadmin,now()
10160,bloodType,Blood Type,string,"
	{
		""code"": ""105"",
		""value"": ""B+"",
	}",kan,TRUE,superadmin,now()
10161,bloodType,Blood Type,string,"
	{
		""code"": ""106"",
		""value"": ""B-"",
	}",kan,TRUE,superadmin,now()
10162,bloodType,Blood Type,string,"
	{
		""code"": ""107"",
		""value"": ""AB"",
	}",kan,TRUE,superadmin,now()
10163,bloodType,Blood Type,string,"
	{
		""code"": ""108"",
		""value"": ""AB+"",
	}",kan,TRUE,superadmin,now()
10164,bloodType,Blood Type,string,"
	{
		""code"": ""109"",
		""value"": ""AB-"",
	}",kan,TRUE,superadmin,now()
10165,bloodType,Blood Type,string,"
	{
		""code"": ""110"",
		""value"": ""O"",
	}",kan,TRUE,superadmin,now()
10166,bloodType,Blood Type,string,"
	{
		""code"": ""111"",
		""value"": ""O+""
	}",kan,TRUE,superadmin,now()
10167,bloodType,Blood Type,string,"
	{
		""code"": ""112"",
		""value"": ""O-""
	}",kan,TRUE,superadmin,now()
10168,bloodType,Blood Type,string,"
	{
		""code"": ""113"",
		""value"": ""Don't Know""
	}",kan,TRUE,superadmin,now()
10169,bloodType,Blood Type,string,"
	{
		""code"": ""114"",
		""value"": ""Not Applicable""
	}",kan,TRUE,superadmin,now()
10170,maritalStatus,Marital Status,string,"
        {
                ""code"": ""101"",
                ""value"": ""ಏಕ""
        }",kan,TRUE,superadmin,now()
10171,maritalStatus,Marital Status,string,"
        {
                ""code"": ""102"",
                ""value"": ""ವಿವಾಹಿತ""
        }",kan,TRUE,superadmin,now()
10172,maritalStatus,Marital Status,string,"
        {
                ""code"": ""103"",
                ""value"": ""ವಿಧವೆ""
        }",kan,TRUE,superadmin,now()
10173,maritalStatus,Marital Status,string,"
        {
                ""code"": ""104"",
                ""value"": ""ಡಿ ವೋರ್ಸ್ಡ್""
        }",kan,TRUE,superadmin,now()
10174,maritalStatus,Marital Status,string,"
        {
                ""code"": ""105"",
                ""value"": ""ಕಾನೂನುಬದ್ಧವಾಗಿ ಪ್ರತ್ಯೇಕಿಸಲಾಗಿದೆ""
        }",kan,TRUE,superadmin,now()
10175,maritalStatus,Marital Status,string,"
        {
                ""code"": ""106"",
                ""value"": ""ರದ್ದುಪಡಿಸಲಾಗಿದೆ""
        }",kan,TRUE,superadmin,now()
10176,maritalStatus,Marital Status,string,"
        {
                ""code"": ""107"",
                ""value"": ""ರದ್ದುಗೊಳಿಸಲಾಗಿದೆ""
        }",kan,TRUE,superadmin,now()
10177,registrationType,Registration Type,string,"
        {
                ""code"": ""Document-based"",
                ""value"": ""ಡಾಕ್ಯುಮೆಂಟ್ ಆಧಾರಿತ""
        }",kan,TRUE,superadmin,now()
10178,registrationType,Registration Type,string,"
        {
                ""code"": ""Introducer-based"",
                ""value"": ""ಪರಿಚಯಕಾರರ ಆಧಾರಿತ""
        }",kan,TRUE,superadmin,now()
10179,modeOfClaim,Mode of Claim,string,"
        {
                ""code"": ""101"",
                ""value"": ""ಪಿಕ್ ಅಪ್""
        }",kan,TRUE,superadmin,now()
10180,modeOfClaim,Mode of Claim,string,"
        {
                ""code"": ""102"",
                ""value"": ""ಶಾಶ್ವತ ವಿಳಾಸಕ್ಕೆ ತಲುಪಿಸುವುದು""
        }",kan,TRUE,superadmin,now()
10181,modeOfClaim,Mode of Claim,string,"
        {
                ""code"": ""103"",
                ""value"": ""ಪ್ರಸ್ತುತ ವಿಳಾಸಕ್ಕೆ ವಿತರಣೆ""
        }",kan,TRUE,superadmin,now()
10182,gender,Gender,string,"
        {
                ""code"": ""MLE"",
                ""value"": ""ಪುರುಷ""
        }",kan,TRUE,superadmin,now()
10183,gender,Gender,string,"
        {
                ""code"": ""FLE"",
                ""value"": ""ಹೆಣ್ಣು""
        }",kan,TRUE,superadmin,now()
10184,gender,Gender,string,"
        {
                ""code"": ""OTH"",
                ""value"": ""ಇತರರು""
        }",kan,TRUE,superadmin,now()
10185,residenceStatus,residenceStatus,string,"
        {
                ""code"": ""FR"",
                ""value"": ""ವಿದೇಶಿ""
        }",kan,TRUE,superadmin,now()
10186,residenceStatus,residenceStatus,string,"
        {
                ""code"": ""NFR"",
                ""value"": ""ವಿದೇಶಿಯರಲ್ಲದವರು""
        }",kan,TRUE,superadmin,now()
10187,profession,Profession/ Occupation,string,"{ ""code"":""101"", ""value"":""मुनीम"", ""langCode"":""hin"", ""active"":true }",hin,TRUE,superadmin,now()
10188,profession,Profession/ Occupation,string,"{ ""code"":""102"", ""value"":""अभिनेता"", ""langCode"":""hin"", ""active"":true }",hin,TRUE,superadmin,now()
10189,profession,Profession/ Occupation,string,"{ ""code"":""103"", ""value"":""मुंशी"", ""langCode"":""hin"", ""active"":true }",hin,TRUE,superadmin,now()
10190,profession,Profession/ Occupation,string,"{ ""code"":""104"", ""value"":""सलाहकार"", ""langCode"":""hin"", ""active"":true }",hin,TRUE,superadmin,now()
10191,profession,Profession/ Occupation,string,"{ ""code"":""105"", ""value"":""दूत"", ""langCode"":""hin"", ""active"":true }",hin,TRUE,superadmin,now()
10192,profession,Profession/ Occupation,string,"{ ""code"":""106"", ""value"":""कलाकार"", ""langCode"":""hin"", ""active"":true }",hin,TRUE,superadmin,now()
10193,profession,Profession/ Occupation,string,"{ ""code"":""107"", ""value"":""अंतरिक्ष यात्री"", ""langCode"":""hin"", ""active"":true }",hin,TRUE,superadmin,now()
10194,profession,Profession/ Occupation,string,"{ ""code"":""108"", ""value"":""एथलीट"", ""langCode"":""hin"", ""active"":true }",hin,TRUE,superadmin,now()
10195,profession,Profession/ Occupation,string,"{ ""code"":""109"", ""value"":""लेखक"", ""langCode"":""hin"", ""active"":true }",hin,TRUE,superadmin,now()
10196,profession,Profession/ Occupation,string,"{ ""code"":""110"", ""value"":""बेकर, नानबाई"", ""langCode"":""hin"", ""active"":true }",hin,TRUE,superadmin,now()
10197,profession,Profession/ Occupation,string,"{ ""code"":""111"", ""value"":""बैंकर"", ""langCode"":""hin"", ""active"":true }",hin,TRUE,superadmin,now()
10198,profession,Profession/ Occupation,string,"{ ""code"":""112"", ""value"":""नाई"", ""langCode"":""hin"", ""active"":true }",hin,TRUE,superadmin,now()
10199,profession,Profession/ Occupation,string,"{ ""code"":""113"", ""value"":""लोहार"", ""langCode"":""hin"", ""active"":true }",hin,TRUE,superadmin,now()
10200,profession,Profession/ Occupation,string,"{ ""code"":""114"", ""value"":""कसाई"", ""langCode"":""hin"", ""active"":true }",hin,TRUE,superadmin,now()
10201,profession,Profession/ Occupation,string,"{ ""code"":""115"", ""value"":""बढ़ई"", ""langCode"":""hin"", ""active"":true }",hin,TRUE,superadmin,now()
10202,profession,Profession/ Occupation,string,"{ ""code"":""116"", ""value"":""केशियर"", ""langCode"":""kan"", ""active"":true }",hin,TRUE,superadmin,now()
10203,profession,Profession/ Occupation,string,"{ ""code"":""101"", ""value"":""ಅಕೌಂಟೆಂಟ್"", ""langCode"":""kan"", ""active"":true }",kan,TRUE,superadmin,now()
10204,profession,Profession/ Occupation,string,"{ ""code"":""102"", ""value"":""ನಟ"", ""langCode"":""kan"", ""active"":true }",kan,TRUE,superadmin,now()
10205,profession,Profession/ Occupation,string,"{ ""code"":""103"", ""value"":""ವಿಮಾಗಣಕ"", ""langCode"":""kan"", ""active"":true }",kan,TRUE,superadmin,now()
10206,profession,Profession/ Occupation,string,"{ ""code"":""104"", ""value"":""ಸಲಹೆಗಾರ"", ""langCode"":""kan"", ""active"":true }",kan,TRUE,superadmin,now()
10207,profession,Profession/ Occupation,string,"{ ""code"":""105"", ""value"":""ರಾಯಭಾರಿ"", ""langCode"":""kan"", ""active"":true }",kan,TRUE,superadmin,now()
10208,profession,Profession/ Occupation,string,"{ ""code"":""106"", ""value"":""ಕಲಾವಿದ"", ""langCode"":""kan"", ""active"":true }",kan,TRUE,superadmin,now()
10209,profession,Profession/ Occupation,string,"{ ""code"":""107"", ""value"":""ಗಗನಯಾತ್ರಿ"", ""langCode"":""kan"", ""active"":true }",kan,TRUE,superadmin,now()
10210,profession,Profession/ Occupation,string,"{ ""code"":""108"", ""value"":""ಕ್ರೀಡಾಪಟು"", ""langCode"":""kan"", ""active"":true }",kan,TRUE,superadmin,now()
10211,profession,Profession/ Occupation,string,"{ ""code"":""109"", ""value"":""ಲೇಖಕ"", ""langCode"":""kan"", ""active"":true }",kan,TRUE,superadmin,now()
10212,profession,Profession/ Occupation,string,"{ ""code"":""110"", ""value"":""ಬೇಕರ್"", ""langCode"":""kan"", ""active"":true }",kan,TRUE,superadmin,now()
10213,profession,Profession/ Occupation,string,"{ ""code"":""111"", ""value"":""ಬ್ಯಾಂಕರ್"", ""langCode"":""kan"", ""active"":true }",kan,TRUE,superadmin,now()
10214,profession,Profession/ Occupation,string,"{ ""code"":""112"", ""value"":""ಬಾರ್ಬರ್"", ""langCode"":""kan"", ""active"":true }",kan,TRUE,superadmin,now()
10215,profession,Profession/ Occupation,string,"{ ""code"":""113"", ""value"":""ಬ್ಲಾಕ್ಸ್ಮಿತ್"", ""langCode"":""kan"", ""active"":true }",kan,TRUE,superadmin,now()
10216,profession,Profession/ Occupation,string,"{ ""code"":""114"", ""value"":""ಬುತ್ಚೆರ್"", ""langCode"":""kan"", ""active"":true }",kan,TRUE,superadmin,now()
10217,profession,Profession/ Occupation,string,"{ ""code"":""115"", ""value"":""ಕಾರ್ಪೆಂಟರ್"", ""langCode"":""kan"", ""active"":true }",kan,TRUE,superadmin,now()
10218,profession,Profession/ Occupation,string,"{ ""code"":""116"", ""value"":""ಕ್ಯಾಷಿಯರ್"", ""langCode"":""kan"", ""active"":true }",kan,TRUE,superadmin,now()
10219,profession,Profession/ Occupation,string,"{ ""code"":""101"", ""value"":""கணக்காளர்"", ""langCode"":""tam"", ""active"":true }",tam,TRUE,superadmin,now()
10220,profession,Profession/ Occupation,string,"{ ""code"":""102"", ""value"":""நடிகர்"", ""langCode"":""tam"", ""active"":true }",tam,TRUE,superadmin,now()
10221,profession,Profession/ Occupation,string,"{ ""code"":""103"", ""value"":""actuary"", ""langCode"":""tam"", ""active"":true }",tam,TRUE,superadmin,now()
10222,profession,Profession/ Occupation,string,"{ ""code"":""104"", ""value"":""ஆலோசகர்"", ""langCode"":""tam"", ""active"":true }",tam,TRUE,superadmin,now()
10223,profession,Profession/ Occupation,string,"{ ""code"":""105"", ""value"":""தூதர்"", ""langCode"":""tam"", ""active"":true }",tam,TRUE,superadmin,now()
10224,profession,Profession/ Occupation,string,"{ ""code"":""106"", ""value"":""கலைஞர்"", ""langCode"":""tam"", ""active"":true }",tam,TRUE,superadmin,now()
10225,profession,Profession/ Occupation,string,"{ ""code"":""107"", ""value"":""விண்வெளி"", ""langCode"":""tam"", ""active"":true }",tam,TRUE,superadmin,now()
10226,profession,Profession/ Occupation,string,"{ ""code"":""108"", ""value"":""தடகள"", ""langCode"":""tam"", ""active"":true }",tam,TRUE,superadmin,now()
10227,profession,Profession/ Occupation,string,"{ ""code"":""109"", ""value"":""நூலாசிரியர்"", ""langCode"":""tam"", ""active"":true }",tam,TRUE,superadmin,now()
10228,profession,Profession/ Occupation,string,"{ ""code"":""110"", ""value"":""ரொட்டி சுடுபவர்"", ""langCode"":""tam"", ""active"":true }",tam,TRUE,superadmin,now()
10229,profession,Profession/ Occupation,string,"{ ""code"":""111"", ""value"":""வங்கியாளர்"", ""langCode"":""tam"", ""active"":true }",tam,TRUE,superadmin,now()
10230,profession,Profession/ Occupation,string,"{ ""code"":""112"", ""value"":""பார்பர்"", ""langCode"":""tam"", ""active"":true }",tam,TRUE,superadmin,now()
10231,profession,Profession/ Occupation,string,"{ ""code"":""113"", ""value"":""பிளாக்ஸ்மித்"", ""langCode"":""tam"", ""active"":true }",tam,TRUE,superadmin,now()
10232,profession,Profession/ Occupation,string,"{ ""code"":""114"", ""value"":""கசாப்பு"", ""langCode"":""tam"", ""active"":true }",tam,TRUE,superadmin,now()
10233,profession,Profession/ Occupation,string,"{ ""code"":""115"", ""value"":""கார்பெண்டர்"", ""langCode"":""tam"", ""active"":true }",tam,TRUE,superadmin,now()
10234,profession,Profession/ Occupation,string,"{ ""code"":""116"", ""value"":""காசாளர்"", ""langCode"":""tam"", ""active"":true }",tam,TRUE,superadmin,now()
10235,bcertificateAvailability,Birth Cerrtificate availability,string,"{ ""code"":""101"", ""value"":""हाँ"", ""langCode"":""hin"", ""active"":true }",hin,TRUE,superadmin,now()
10236,bcertificateAvailability,Birth Cerrtificate availability,string,"{ ""code"":""102"", ""value"":""नहीं"", ""langCode"":""hin"", ""active"":true }",hin,TRUE,superadmin,now()
10237,bcertificateAvailability,Birth Cerrtificate availability,string,"{ ""code"":""101"", ""value"":""ಹೌದು"", ""langCode"":""kan"", ""active"":true }",kan,TRUE,superadmin,now()
10238,bcertificateAvailability,Birth Cerrtificate availability,string,"{ ""code"":""102"", ""value"":""ಯಾವುದೇ"", ""langCode"":""kan"", ""active"":true }",kan,TRUE,superadmin,now()
10239,bcertificateAvailability,Birth Cerrtificate availability,string,"{ ""code"":""101"", ""value"":""ஆம்"", ""langCode"":""tam"", ""active"":true }",tam,TRUE,superadmin,now()
10240,bcertificateAvailability,Birth Cerrtificate availability,string,"{ ""code"":""102"", ""value"":""இல்லை"", ""langCode"":""tam"", ""active"":true }",tam,TRUE,superadmin,now()
10241,applicantLanguage,Applicant language,string,"{ ""code"":""101"", ""value"":""हिंदी"", ""langCode"":""hin"", ""active"":true }",hin,TRUE,superadmin,now()
10242,applicantLanguage,Applicant language,string,"{ ""code"":""102"", ""value"":""ಕನ್ನಡ"", ""langCode"":""kan"", ""active"":true }",hin,TRUE,superadmin,now()
10243,applicantLanguage,Applicant language,string,"{ ""code"":""103"", ""value"":""தமிழ்"", ""langCode"":""tam"", ""active"":true }",hin,TRUE,superadmin,now()
10244,applicantLanguage,Applicant language,string,"{ ""code"":""101"", ""value"":""हिंदी"", ""langCode"":""hin"", ""active"":true }",kan,TRUE,superadmin,now()
10245,applicantLanguage,Applicant language,string,"{ ""code"":""102"", ""value"":""ಕನ್ನಡ"", ""langCode"":""kan"", ""active"":true }",kan,TRUE,superadmin,now()
10246,applicantLanguage,Applicant language,string,"{ ""code"":""103"", ""value"":""தமிழ்"", ""langCode"":""tam"", ""active"":true }",kan,TRUE,superadmin,now()
10247,applicantLanguage,Applicant language,string,"{ ""code"":""101"", ""value"":""हिंदी"", ""langCode"":""hin"", ""active"":true }",tam,TRUE,superadmin,now()
10248,applicantLanguage,Applicant language,string,"{ ""code"":""102"", ""value"":""ಕನ್ನಡ"", ""langCode"":""kan"", ""active"":true }",tam,TRUE,superadmin,now()
10249,applicantLanguage,Applicant language,string,"{ ""code"":""103"", ""value"":""தமிழ்"", ""langCode"":""tam"", ""active"":true }",tam,TRUE,superadmin,now()
10250,dualCitizenshipAvailability,Dual citizenship availability,string,"{ ""code"":""101"", ""value"":""हाँ"", ""langCode"":""hin"", ""active"":true }",hin,TRUE,superadmin,now()
10251,dualCitizenshipAvailability,Dual citizenship availability,string,"{ ""code"":""102"", ""value"":""नहीं"", ""langCode"":""hin"", ""active"":true }",hin,TRUE,superadmin,now()
10252,dualCitizenshipAvailability,Dual citizenship availability,string,"{ ""code"":""101"", ""value"":""ಹೌದು"", ""langCode"":""kan"", ""active"":true }",kan,TRUE,superadmin,now()
10253,dualCitizenshipAvailability,Dual citizenship availability,string,"{ ""code"":""102"", ""value"":""ಯಾವುದೇ"", ""langCode"":""kan"", ""active"":true }",kan,TRUE,superadmin,now()
10254,dualCitizenshipAvailability,Dual citizenship availability,string,"{ ""code"":""101"", ""value"":""ஆம்"", ""langCode"":""tam"", ""active"":true }",tam,TRUE,superadmin,now()
10255,dualCitizenshipAvailability,Dual citizenship availability,string,"{ ""code"":""102"", ""value"":""இல்லை"", ""langCode"":""tam"", ""active"":true }",tam,TRUE,superadmin,now()
10256,fatherLivingStatus,Father living status,string,"{ ""code"":""101"", ""value"":""जीवित"", ""langCode"":""hin"", ""active"":true }",hin,TRUE,superadmin,now()
10257,fatherLivingStatus,Father living status,string,"{ ""code"":""102"", ""value"":""मृतक"", ""langCode"":""hin"", ""active"":true }",hin,TRUE,superadmin,now()
10258,fatherLivingStatus,Father living status,string,"{ ""code"":""101"", ""value"":""ಜೀವಂತವಾಗಿ"", ""langCode"":""kan"", ""active"":true }",kan,TRUE,superadmin,now()
10259,fatherLivingStatus,Father living status,string,"{ ""code"":""102"", ""value"":""ಮೃತ"", ""langCode"":""kan"", ""active"":true }",kan,TRUE,superadmin,now()
10260,fatherLivingStatus,Father living status,string,"{ ""code"":""101"", ""value"":""உயிருடன்"", ""langCode"":""tam"", ""active"":true }",tam,TRUE,superadmin,now()
10261,fatherLivingStatus,Father living status,string,"{ ""code"":""102"", ""value"":""இறந்தவர்"", ""langCode"":""tam"", ""active"":true }",tam,TRUE,superadmin,now()
10262,modeOfdelivery,Mode of Delivery,string,"{ ""code"":""101"", ""value"":""घर पहुँचाना"", ""langCode"":""hin"", ""active"":true }",hin,TRUE,superadmin,now()
10263,modeOfdelivery,Mode of Delivery,string,"{ ""code"":""102"", ""value"":""संदेशवाहक"", ""langCode"":""hin"", ""active"":true }",hin,TRUE,superadmin,now()
10264,modeOfdelivery,Mode of Delivery,string,"{ ""code"":""103"", ""value"":""पद"", ""langCode"":""hin"", ""active"":true }",hin,TRUE,superadmin,now()
10265,modeOfdelivery,Mode of Delivery,string,"{ ""code"":""101"", ""value"":""ಮನೆ ವಿತರಣೆ"", ""langCode"":""kan"", ""active"":true }",kan,TRUE,superadmin,now()
10266,modeOfdelivery,Mode of Delivery,string,"{ ""code"":""102"", ""value"":""ಕೊರಿಯರ್"", ""langCode"":""kan"", ""active"":true }",kan,TRUE,superadmin,now()
10267,modeOfdelivery,Mode of Delivery,string,"{ ""code"":""103"", ""value"":""ಪೋಸ್ಟ್"", ""langCode"":""kan"", ""active"":true }",kan,TRUE,superadmin,now()
10268,modeOfdelivery,Mode of Delivery,string,"{ ""code"":""101"", ""value"":""முகப்பு DIVERY."", ""langCode"":""kan"", ""active"":true }",tam,TRUE,superadmin,now()
10269,modeOfdelivery,Mode of Delivery,string,"{ ""code"":""102"", ""value"":""கூரியர்"", ""langCode"":""kan"", ""active"":true }",tam,TRUE,superadmin,now()
10270,modeOfdelivery,Mode of Delivery,string,"{ ""code"":""103"", ""value"":""அஞ்சல்"", ""langCode"":""kan"", ""active"":true }",tam,TRUE,superadmin,now()
10271,title,Title,string,"{ ""code"":""101"", ""value"":""श्री"", ""langCode"":""hin"", ""active"":true }",hin,TRUE,superadmin,now()
10272,title,Title,string,"{ ""code"":""102"", ""value"":""श्रीमती"", ""langCode"":""hin"", ""active"":true }",hin,TRUE,superadmin,now()
10273,title,Title,string,"{ ""code"":""103"", ""value"":""कुमारी"", ""langCode"":""hin"", ""active"":true }",hin,TRUE,superadmin,now()
10274,title,Title,string,"{ ""code"":""104"", ""value"":""फिरना"", ""langCode"":""hin"", ""active"":true }",hin,TRUE,superadmin,now()
10275,title,Title,string,"{ ""code"":""101"", ""value"":""ಶ್ರೀ"", ""langCode"":""kan"", ""active"":true }",kan,TRUE,superadmin,now()
10276,title,Title,string,"{ ""code"":""102"", ""value"":""ಶ್ರೀಮತಿ"", ""langCode"":""kan"", ""active"":true }",kan,TRUE,superadmin,now()
10277,title,Title,string,"{ ""code"":""103"", ""value"":""ಮಿಸ್"", ""langCode"":""kan"", ""active"":true }",kan,TRUE,superadmin,now()
10278,title,Title,string,"{ ""code"":""104"", ""value"":""Vev"", ""langCode"":""kan"", ""active"":true }",kan,TRUE,superadmin,now()
10279,title,Title,string,"{ ""code"":""101"", ""value"":""திரு"", ""langCode"":""tam"", ""active"":true }",tam,TRUE,superadmin,now()
10280,title,Title,string,"{ ""code"":""102"", ""value"":""திருமதி"", ""langCode"":""tam"", ""active"":true }",tam,TRUE,superadmin,now()
10281,title,Title,string,"{ ""code"":""103"", ""value"":""செல்வி"", ""langCode"":""tam"", ""active"":true }",tam,TRUE,superadmin,now()
10282,title,Title,string,"{ ""code"":""104"", ""value"":""REV."", ""langCode"":""tam"", ""active"":true }",tam,TRUE,superadmin,now()
10283,motherLivingStatus,Mother living status,string,"{ ""code"":""101"", ""value"":""जीवित"", ""langCode"":""hin"", ""active"":true }",hin,TRUE,superadmin,now()
10284,motherLivingStatus,Mother living status,string,"{ ""code"":""102"", ""value"":""मृतक"", ""langCode"":""hin"", ""active"":true }",hin,TRUE,superadmin,now()
10285,motherLivingStatus,Mother living status,string,"{ ""code"":""101"", ""value"":""ಜೀವಂತವಾಗಿ"", ""langCode"":""kan"", ""active"":true }",kan,TRUE,superadmin,now()
10286,motherLivingStatus,Mother living status,string,"{ ""code"":""102"", ""value"":""ಮೃತ"", ""langCode"":""kan"", ""active"":true }",kan,TRUE,superadmin,now()
10287,motherLivingStatus,Mother living status,string,"{ ""code"":""101"", ""value"":""உயிருடன்"", ""langCode"":""tam"", ""active"":true }",tam,TRUE,superadmin,now()
10288,motherLivingStatus,Mother living status,string,"{ ""code"":""102"", ""value"":""இறந்தவர்"", ""langCode"":""tam"", ""active"":true }",tam,TRUE,superadmin,now()
10289,guardianLivingStatus,Guardian living status,string,"{ ""code"":""101"", ""value"":""जीवित"", ""langCode"":""hin"", ""active"":true }",hin,TRUE,superadmin,now()
10290,guardianLivingStatus,Guardian living status,string,"{ ""code"":""102"", ""value"":""मृतक"", ""langCode"":""hin"", ""active"":true }",hin,TRUE,superadmin,now()
10291,guardianLivingStatus,Guardian living status,string,"{ ""code"":""101"", ""value"":""ಜೀವಂತವಾಗಿ"", ""langCode"":""kan"", ""active"":true }",kan,TRUE,superadmin,now()
10292,guardianLivingStatus,Guardian living status,string,"{ ""code"":""102"", ""value"":""ಮೃತ"", ""langCode"":""kan"", ""active"":true }",kan,TRUE,superadmin,now()
10293,guardianLivingStatus,Guardian living status,string,"{ ""code"":""101"", ""value"":""உயிருடன்"", ""langCode"":""tam"", ""active"":true }",tam,TRUE,superadmin,now()
10294,guardianLivingStatus,Guardian living status,string,"{ ""code"":""102"", ""value"":""இறந்தவர்"", ""langCode"":""tam"", ""active"":true }",tam,TRUE,superadmin,now()
10295,livingStatus,Living status,string,"{ ""code"":""101"", ""value"":""जीवित"", ""langCode"":""hin"", ""active"":true }",hin,TRUE,superadmin,now()
10296,livingStatus,Living status,string,"{ ""code"":""102"", ""value"":""मृतक"", ""langCode"":""hin"", ""active"":true }",hin,TRUE,superadmin,now()
10297,livingStatus,Living status,string,"{ ""code"":""101"", ""value"":""ಜೀವಂತವಾಗಿ"", ""langCode"":""kan"", ""active"":true }",kan,TRUE,superadmin,now()
10298,livingStatus,Living status,string,"{ ""code"":""102"", ""value"":""ಮೃತ"", ""langCode"":""kan"", ""active"":true }",kan,TRUE,superadmin,now()
10299,livingStatus,Living status,string,"{ ""code"":""101"", ""value"":""உயிருடன்"", ""langCode"":""tam"", ""active"":true }",tam,TRUE,superadmin,now()
10300,livingStatus,Living status,string,"{ ""code"":""102"", ""value"":""இறந்தவர்"", ""langCode"":""tam"", ""active"":true }",tam,TRUE,superadmin,now()
10301,preferredLang,उपयोगकर्ता पसंदीदा भाषा,string,"{""value"":""हिंदी"",""code"":""hin""}",hin,TRUE,superadmin,now()
10302,preferredLang,उपयोगकर्ता पसंदीदा भाषा,string,"{""value"":""தமிழ்‎"",""code"":""tam""}",hin,TRUE,superadmin,now()
10303,preferredLang,उपयोगकर्ता पसंदीदा भाषा,string,"{""value"":""ಕನ್ನಡ"",""code"":""kan""}",hin,TRUE,superadmin,now()
10304,preferredLang,ಬಳಕೆದಾರರ ಆದ್ಯತೆಯ ಭಾಷೆ,string,"{""value"":""हिंदी"",""code"":""hin""}",kan,TRUE,superadmin,now()
10305,preferredLang,ಬಳಕೆದಾರರ ಆದ್ಯತೆಯ ಭಾಷೆ,string,"{""value"":""தமிழ்‎"",""code"":""tam""}",kan,TRUE,superadmin,now()
10306,preferredLang,ಬಳಕೆದಾರರ ಆದ್ಯತೆಯ ಭಾಷೆ,string,"{""value"":""ಕನ್ನಡ"",""code"":""kan""}",kan,TRUE,superadmin,now()
10307,preferredLang,பயனர் விரும்பும் மொழி,string,"{""value"":""हिंदी"",""code"":""hin""}",tam,TRUE,superadmin,now()
10308,preferredLang,பயனர் விரும்பும் மொழி,string,"{""value"":""தமிழ்‎"",""code"":""tam""}",tam,TRUE,superadmin,now()
10309,preferredLang,பயனர் விரும்பும் மொழி,string,"{""value"":""ಕನ್ನಡ"",""code"":""kan""}",tam,TRUE,superadmin,now()
10310,preferredLang,user preferred Language,string,"{""value"":""English"",""code"":""eng""}",eng,TRUE,superadmin,now()
10312,preferredLang,user preferred Language,string,"{""value"":""العَرَبِيَّة"",""code"":""ara""}",eng,TRUE,superadmin,now()
10313,preferredLang,user preferred Language,string,"{""value"":""français"",""code"":""fra""}",eng,TRUE,superadmin,now()
10314,preferredLang,يفضل المستخدم اللغة,string,"{""value"":""English"",""code"":""eng""}",ara,TRUE,superadmin,now()
10315,preferredLang,يفضل المستخدم اللغة,string,"{""value"":""العَرَبِيَّة"",""code"":""ara""}",ara,TRUE,superadmin,now()
10316,preferredLang,يفضل المستخدم اللغة,string,"{""value"":""français"",""code"":""fra""}",ara,TRUE,superadmin,now()
10317,preferredLang,Langue préférée de l'utilisateur,string,"{""value"":""English"",""code"":""eng""}",fra,TRUE,superadmin,now()
10318,preferredLang,Langue préférée de l'utilisateur,string,"{""value"":""العَرَبِيَّة"",""code"":""ara""}",fra,TRUE,superadmin,now()
10319,preferredLang,Langue préférée de l'utilisateur,string,"{""value"":""français"",""code"":""fra""}",fra,TRUE,superadmin,now()
